variable_code,variable_name,chem_category,unit,observations,n_sites,first_record_utc,last_record_utc
abs254,UV Absorbance at 254nm,NA,unitless,108883,39,2001-07-20T00:00:00Z,2021-10-27T00:00:00Z
abs280,UV Absorbance at 280nm,NA,unitless,60482,30,2012-05-07T00:00:00Z,2021-10-27T00:00:00Z
Ag,Silver,precip_conc,mg/L,39611,26,2011-03-28T00:00:00Z,2019-07-29T00:00:00Z
Ag,Silver,precip_flux,kg/ha/d,39611,26,2011-03-28T00:00:00Z,2019-07-29T00:00:00Z
Ag,Silver,stream_conc,mg/L,81953,34,2005-09-26T00:00:00Z,2020-12-02T00:00:00Z
Ag,Silver,stream_flux,kg/ha/d,36555,18,2007-01-31T00:00:00Z,2020-12-02T00:00:00Z
Al,Aluminum,precip_conc,mg/L,64071,32,1988-01-05T00:00:00Z,2019-07-29T00:00:00Z
Al,Aluminum,precip_flux,kg/ha/d,64071,32,1988-01-05T00:00:00Z,2019-07-29T00:00:00Z
Al,Aluminum,stream_conc,mg/L,306265,93,1987-01-14T00:00:00Z,2020-12-02T00:00:00Z
Al,Aluminum,stream_flux,kg/ha/d,143577,40,1988-03-14T00:00:00Z,2020-12-02T00:00:00Z
Al_ICP,Aluminum ICP,precip_conc,mg/L,28485,9,2012-09-10T00:00:00Z,2021-05-10T00:00:00Z
Al_ICP,Aluminum ICP,precip_flux,kg/ha/d,28485,9,2012-09-10T00:00:00Z,2021-05-10T00:00:00Z
Al_ICP,Aluminum ICP,stream_conc,mg/L,127780,11,1964-03-16T00:00:00Z,2021-05-24T00:00:00Z
Al_ICP,Aluminum ICP,stream_flux,kg/ha/d,118736,9,1964-03-16T00:00:00Z,2020-06-02T00:00:00Z
alk,Alkalinity,precip_conc,mg/L,202338,18,1969-02-04T00:00:00Z,2019-10-01T00:00:00Z
alk,Alkalinity,precip_flux,kg/ha/d,188190,14,1969-02-04T00:00:00Z,2019-10-01T00:00:00Z
alk,Alkalinity,stream_conc,mg/L,349545,81,1968-10-09T00:00:00Z,2022-02-07T00:00:00Z
alk,Alkalinity,stream_flux,kg/ha/d,275258,55,1968-10-09T00:00:00Z,2022-02-07T00:00:00Z
ANC,Acid Neutralizing Capacity,precip_conc,eq/L,19542,12,1987-10-27T00:00:00Z,2020-12-31T00:00:00Z
ANC,Acid Neutralizing Capacity,stream_conc,eq/L,247545,50,1982-02-11T00:00:00Z,2022-02-07T00:00:00Z
ANC960,Acid Neutralizing Capacity 960,precip_conc,ueq/L,396,9,2013-04-15T00:00:00Z,2013-05-28T00:00:00Z
ANC960,Acid Neutralizing Capacity 960,stream_conc,ueq/L,88429,11,1990-01-14T00:00:00Z,2017-09-18T00:00:00Z
AnCaR,Anion-Cation Ratio,NA,unitless,255143,10,1978-10-12T00:00:00Z,2019-05-22T00:00:00Z
ANCMet,Acid Neutralizing Capacity Met,stream_conc,ueq/L,25050,11,2015-02-16T00:00:00Z,2021-05-24T00:00:00Z
anionCharge,TOTAL Anion Charge,precip_conc,ueq/L,170478,9,1969-07-01T00:00:00Z,2021-05-10T00:00:00Z
anionCharge,TOTAL Anion Charge,stream_conc,ueq/L,168371,40,1973-06-30T00:00:00Z,2021-05-24T00:00:00Z
As,Arsenic,precip_conc,mg/L,39611,26,2011-03-28T00:00:00Z,2019-07-29T00:00:00Z
As,Arsenic,precip_flux,kg/ha/d,39611,26,2011-03-28T00:00:00Z,2019-07-29T00:00:00Z
As,Arsenic,stream_conc,mg/L,96534,34,1994-01-24T00:00:00Z,2020-12-02T00:00:00Z
As,Arsenic,stream_flux,kg/ha/d,41094,18,1994-08-28T00:00:00Z,2020-12-02T00:00:00Z
Au,Gold,precip_conc,mg/L,13,13,2018-06-13T00:00:00Z,2018-06-13T00:00:00Z
Au,Gold,precip_flux,kg/ha/d,13,13,2018-06-13T00:00:00Z,2018-06-13T00:00:00Z
Au,Gold,stream_conc,mg/L,23871,10,2007-01-31T00:00:00Z,2020-12-02T00:00:00Z
Au,Gold,stream_flux,kg/ha/d,20142,9,2007-01-31T00:00:00Z,2020-12-02T00:00:00Z
B,Boron,precip_conc,mg/L,39611,26,2011-03-28T00:00:00Z,2019-07-29T00:00:00Z
B,Boron,precip_flux,kg/ha/d,39611,26,2011-03-28T00:00:00Z,2019-07-29T00:00:00Z
B,Boron,stream_conc,mg/L,148005,46,1993-07-23T00:00:00Z,2020-12-02T00:00:00Z
B,Boron,stream_flux,kg/ha/d,67711,22,1994-08-28T00:00:00Z,2020-12-02T00:00:00Z
Ba,Barium,precip_conc,mg/L,39611,26,2011-03-28T00:00:00Z,2019-07-29T00:00:00Z
Ba,Barium,precip_flux,kg/ha/d,39611,26,2011-03-28T00:00:00Z,2019-07-29T00:00:00Z
Ba,Barium,stream_conc,mg/L,145164,44,1990-12-03T00:00:00Z,2020-12-02T00:00:00Z
Ba,Barium,stream_flux,kg/ha/d,61121,24,1990-12-03T00:00:00Z,2020-12-02T00:00:00Z
Be,Beryllium,precip_conc,mg/L,39611,26,2011-03-28T00:00:00Z,2019-07-29T00:00:00Z
Be,Beryllium,precip_flux,kg/ha/d,39611,26,2011-03-28T00:00:00Z,2019-07-29T00:00:00Z
Be,Beryllium,stream_conc,mg/L,127459,37,2003-03-13T00:00:00Z,2020-12-02T00:00:00Z
Be,Beryllium,stream_flux,kg/ha/d,45661,19,2003-03-13T00:00:00Z,2020-12-02T00:00:00Z
Bi,Bismuth,precip_conc,mg/L,13,13,2018-06-13T00:00:00Z,2018-06-13T00:00:00Z
Bi,Bismuth,precip_flux,kg/ha/d,13,13,2018-06-13T00:00:00Z,2018-06-13T00:00:00Z
Bi,Bismuth,stream_conc,mg/L,23871,10,2007-01-31T00:00:00Z,2020-12-02T00:00:00Z
Bi,Bismuth,stream_flux,kg/ha/d,20142,9,2007-01-31T00:00:00Z,2020-12-02T00:00:00Z
BPC,Benthic Particulate Carbon,NA,mg/cm2,159972,33,1991-07-17T00:00:00Z,2018-08-31T00:00:00Z
BPN,Benthic Particulate Nitrogen,NA,mg/cm2,162058,33,1991-07-17T00:00:00Z,2018-08-31T00:00:00Z
BPP,Benthic Particulate Phosphorus,NA,mg/cm2,146818,33,1994-06-20T00:00:00Z,2018-08-31T00:00:00Z
Br,Bromide,precip_conc,mg/L,150089,30,1998-04-26T00:00:00Z,2019-09-20T00:00:00Z
Br,Bromide,precip_flux,kg/ha/d,156763,37,1998-04-26T00:00:00Z,2022-01-05T00:00:00Z
Br,Bromide,stream_conc,mg/L,501628,116,1992-10-22T00:00:00Z,2021-05-25T00:00:00Z
Br,Bromide,stream_flux,kg/ha/d,256783,74,1994-12-09T00:00:00Z,2021-05-25T00:00:00Z
Ca,Calcium,precip_conc,mg/L,590164,82,1968-10-21T00:00:00Z,2021-05-10T00:00:00Z
Ca,Calcium,precip_flux,kg/ha/d,575798,84,1968-10-21T00:00:00Z,2022-01-05T00:00:00Z
Ca,Calcium,stream_conc,mg/L,1568181,267,1963-06-01T00:00:00Z,2021-05-26T00:00:00Z
Ca,Calcium,stream_flux,kg/ha/d,991789,149,1963-06-01T00:00:00Z,2021-05-26T00:00:00Z
cationCharge,TOTAL Cation Charge,precip_conc,ueq/L,168768,9,1970-01-07T00:00:00Z,2021-05-10T00:00:00Z
cationCharge,TOTAL Cation Charge,stream_conc,ueq/L,165892,40,1973-06-30T00:00:00Z,2021-05-24T00:00:00Z
Cd,Cadmium,precip_conc,mg/L,10647,26,2011-08-04T00:00:00Z,2018-06-13T00:00:00Z
Cd,Cadmium,precip_flux,kg/ha/d,10647,26,2011-08-04T00:00:00Z,2018-06-13T00:00:00Z
Cd,Cadmium,stream_conc,mg/L,180882,51,1990-12-03T00:00:00Z,2020-12-02T00:00:00Z
Cd,Cadmium,stream_flux,kg/ha/d,75295,24,1990-12-03T00:00:00Z,2020-12-02T00:00:00Z
Ce,Cerium,precip_conc,mg/L,39611,26,2011-03-28T00:00:00Z,2019-07-29T00:00:00Z
Ce,Cerium,precip_flux,kg/ha/d,39611,26,2011-03-28T00:00:00Z,2019-07-29T00:00:00Z
Ce,Cerium,stream_conc,mg/L,114749,25,2003-03-13T00:00:00Z,2020-12-02T00:00:00Z
Ce,Cerium,stream_flux,kg/ha/d,50229,21,2003-03-13T00:00:00Z,2020-12-02T00:00:00Z
CH4,Methane,NA,ppm,1253,3,2008-05-26T00:00:00Z,2010-08-12T00:00:00Z
CH4_C,Methane-C,stream_conc,mg/L,24008,13,2015-06-30T00:00:00Z,2020-12-02T00:00:00Z
CHL,Chlorophyll,stream_conc,mg/L,101118,48,2004-06-21T00:00:00Z,2017-08-26T00:00:00Z
Cl,Chloride,precip_conc,mg/L,538771,82,1969-12-16T00:00:00Z,2021-05-10T00:00:00Z
Cl,Chloride,precip_flux,kg/ha/d,540049,84,1969-12-16T00:00:00Z,2022-01-05T00:00:00Z
Cl,Chloride,stream_conc,mg/L,1586911,291,1964-03-16T00:00:00Z,2021-05-25T00:00:00Z
Cl,Chloride,stream_flux,kg/ha/d,972202,157,1964-03-16T00:00:00Z,2021-05-25T00:00:00Z
Co,Cobalt,precip_conc,mg/L,39611,26,2011-03-28T00:00:00Z,2019-07-29T00:00:00Z
Co,Cobalt,precip_flux,kg/ha/d,39611,26,2011-03-28T00:00:00Z,2019-07-29T00:00:00Z
Co,Cobalt,stream_conc,mg/L,151025,40,1993-07-23T00:00:00Z,2020-12-02T00:00:00Z
Co,Cobalt,stream_flux,kg/ha/d,61034,22,1994-08-28T00:00:00Z,2020-12-02T00:00:00Z
CO2,Carbon Dioxide,NA,ppm,2448,6,2008-05-26T00:00:00Z,2010-08-12T00:00:00Z
CO2_C,Carbon Dioxide-C,stream_conc,mg/L,23694,13,2015-06-30T00:00:00Z,2020-10-20T00:00:00Z
CO3,Carbonate,stream_conc,mg/L,50668,27,2014-10-21T00:00:00Z,2021-11-03T00:00:00Z
CO3,Carbonate,stream_flux,kg/ha/d,36800,26,2016-10-04T00:00:00Z,2021-11-03T00:00:00Z
Cr,Chromium,precip_conc,mg/L,39611,26,2011-03-28T00:00:00Z,2019-07-29T00:00:00Z
Cr,Chromium,precip_flux,kg/ha/d,39611,26,2011-03-28T00:00:00Z,2019-07-29T00:00:00Z
Cr,Chromium,stream_conc,mg/L,164288,49,1993-07-23T00:00:00Z,2020-12-02T00:00:00Z
Cr,Chromium,stream_flux,kg/ha/d,61034,22,1994-08-28T00:00:00Z,2020-12-02T00:00:00Z
Cs,Caesium,precip_conc,mg/L,13,13,2018-06-13T00:00:00Z,2018-06-13T00:00:00Z
Cs,Caesium,precip_flux,kg/ha/d,13,13,2018-06-13T00:00:00Z,2018-06-13T00:00:00Z
Cs,Caesium,stream_conc,mg/L,45181,25,2007-01-31T00:00:00Z,2020-12-02T00:00:00Z
Cs,Caesium,stream_flux,kg/ha/d,20142,9,2007-01-31T00:00:00Z,2020-12-02T00:00:00Z
Cu,Copper,precip_conc,mg/L,39611,26,2011-03-28T00:00:00Z,2019-07-29T00:00:00Z
Cu,Copper,precip_flux,kg/ha/d,39611,26,2011-03-28T00:00:00Z,2019-07-29T00:00:00Z
Cu,Copper,stream_conc,mg/L,183805,51,1992-01-06T00:00:00Z,2020-12-02T00:00:00Z
Cu,Copper,stream_flux,kg/ha/d,74782,24,1992-01-06T00:00:00Z,2020-12-02T00:00:00Z
d18O,Delta 18 Oxygen,NA,ppt,113246,40,1998-06-11T00:00:00Z,2020-02-19T00:00:00Z
deuterium,Deuterium,NA,unitless,23617,15,2014-06-27T00:00:00Z,2020-02-19T00:00:00Z
DIC,Dissolved Inorganic Carbon,precip_conc,mg/L,127980,10,1983-12-12T00:00:00Z,2018-12-25T00:00:00Z
DIC,Dissolved Inorganic Carbon,precip_flux,kg/ha/d,127980,10,1983-12-12T00:00:00Z,2018-12-25T00:00:00Z
DIC,Dissolved Inorganic Carbon,stream_conc,mg/L,345042,93,1983-06-03T00:00:00Z,2021-10-27T00:00:00Z
DIC,Dissolved Inorganic Carbon,stream_flux,kg/ha/d,192984,61,1983-06-03T00:00:00Z,2021-10-27T00:00:00Z
DIN,Dissolved Inorganic Nitrogen,stream_conc,mg/L,1796,4,2008-04-02T00:00:00Z,2009-06-24T00:00:00Z
DIN,Dissolved Inorganic Nitrogen,stream_flux,kg/ha/d,1796,4,2008-04-02T00:00:00Z,2009-06-24T00:00:00Z
discharge,Discharge,NA,L/s,1718735,199,1945-07-01T00:00:00Z,2022-04-16T00:00:00Z
DO,Dissolved Oxygen,stream_conc,mg/L,91818,29,2001-06-21T00:00:00Z,2022-04-16T00:00:00Z
DO_sat,Dissolved Oxygen Percent Saturation,NA,%,30024,15,2001-06-21T00:00:00Z,2018-11-05T00:00:00Z
DOC,Dissolved Organic Carbon,precip_conc,mg/L,296955,33,1983-11-28T00:00:00Z,2021-05-10T00:00:00Z
DOC,Dissolved Organic Carbon,precip_flux,kg/ha/d,296955,33,1983-11-28T00:00:00Z,2021-05-10T00:00:00Z
DOC,Dissolved Organic Carbon,stream_conc,mg/L,1192068,245,1978-05-20T00:00:00Z,2021-10-27T00:00:00Z
DOC,Dissolved Organic Carbon,stream_flux,kg/ha/d,563920,120,1983-06-27T00:00:00Z,2021-10-27T00:00:00Z
DON,Dissolved Organic Nitrogen,precip_conc,mg/L,279254,23,1968-10-21T00:00:00Z,2021-05-10T00:00:00Z
DON,Dissolved Organic Nitrogen,precip_flux,kg/ha/d,262238,19,1968-10-21T00:00:00Z,2021-05-10T00:00:00Z
DON,Dissolved Organic Nitrogen,stream_conc,mg/L,386163,71,1968-10-09T00:00:00Z,2021-05-24T00:00:00Z
DON,Dissolved Organic Nitrogen,stream_flux,kg/ha/d,254145,40,1968-10-09T00:00:00Z,2020-06-02T00:00:00Z
DOP,Dissolved Organic Phosphorus,precip_conc,mg/L,228,4,2011-06-20T00:00:00Z,2011-08-15T00:00:00Z
DOP,Dissolved Organic Phosphorus,precip_flux,kg/ha/d,228,4,2011-06-20T00:00:00Z,2011-08-15T00:00:00Z
DOP,Dissolved Organic Phosphorus,stream_conc,mg/L,120958,31,1993-09-20T00:00:00Z,2020-11-05T00:00:00Z
DOP,Dissolved Organic Phosphorus,stream_flux,kg/ha/d,47075,9,1995-10-05T00:00:00Z,2020-11-05T00:00:00Z
Dy,Dysprosium,precip_conc,mg/L,39611,26,2011-03-28T00:00:00Z,2019-07-29T00:00:00Z
Dy,Dysprosium,precip_flux,kg/ha/d,39611,26,2011-03-28T00:00:00Z,2019-07-29T00:00:00Z
Dy,Dysprosium,stream_conc,mg/L,73608,22,2005-09-26T00:00:00Z,2020-12-02T00:00:00Z
Dy,Dysprosium,stream_flux,kg/ha/d,48809,21,2007-01-31T00:00:00Z,2020-12-02T00:00:00Z
E_pheophy,Epilithic Phaeophytin,NA,mg/cm2,79007,27,2004-06-18T00:00:00Z,2018-08-31T00:00:00Z
ECHL_A,Epilithic Chlorophyll a,NA,mg/cm2,80339,27,2004-06-18T00:00:00Z,2018-08-31T00:00:00Z
Ecoli,Escherichia coli,NA,#/mL,41206,13,2001-10-02T00:00:00Z,2016-06-15T00:00:00Z
Er,Erbium,precip_conc,mg/L,39611,26,2011-03-28T00:00:00Z,2019-07-29T00:00:00Z
Er,Erbium,precip_flux,kg/ha/d,39611,26,2011-03-28T00:00:00Z,2019-07-29T00:00:00Z
Er,Erbium,stream_conc,mg/L,73608,22,2005-09-26T00:00:00Z,2020-12-02T00:00:00Z
Er,Erbium,stream_flux,kg/ha/d,48809,21,2007-01-31T00:00:00Z,2020-12-02T00:00:00Z
Eu,Europium,precip_conc,mg/L,39611,26,2011-03-28T00:00:00Z,2019-07-29T00:00:00Z
Eu,Europium,precip_flux,kg/ha/d,39611,26,2011-03-28T00:00:00Z,2019-07-29T00:00:00Z
Eu,Europium,stream_conc,mg/L,136059,40,2003-03-13T00:00:00Z,2020-12-02T00:00:00Z
Eu,Europium,stream_flux,kg/ha/d,50229,21,2003-03-13T00:00:00Z,2020-12-02T00:00:00Z
F,Fluorine,precip_conc,mg/L,68941,35,1998-04-26T00:00:00Z,2021-05-10T00:00:00Z
F,Fluorine,precip_flux,kg/ha/d,68941,35,1998-04-26T00:00:00Z,2021-05-10T00:00:00Z
F,Fluorine,stream_conc,mg/L,545506,142,1992-10-22T00:00:00Z,2021-05-25T00:00:00Z
F,Fluorine,stream_flux,kg/ha/d,273429,82,1994-12-09T00:00:00Z,2021-05-25T00:00:00Z
Fe,Iron,precip_conc,mg/L,74384,39,2011-03-28T00:00:00Z,2021-05-10T00:00:00Z
Fe,Iron,precip_flux,kg/ha/d,74384,39,2011-03-28T00:00:00Z,2021-05-10T00:00:00Z
Fe,Iron,stream_conc,mg/L,319381,120,1989-01-03T00:00:00Z,2021-05-26T00:00:00Z
Fe,Iron,stream_flux,kg/ha/d,161895,70,1989-01-03T00:00:00Z,2021-05-26T00:00:00Z
Ga,Gallium,precip_conc,mg/L,13,13,2018-06-13T00:00:00Z,2018-06-13T00:00:00Z
Ga,Gallium,precip_flux,kg/ha/d,13,13,2018-06-13T00:00:00Z,2018-06-13T00:00:00Z
Ga,Gallium,stream_conc,mg/L,23871,10,2007-01-31T00:00:00Z,2020-12-02T00:00:00Z
Ga,Gallium,stream_flux,kg/ha/d,20142,9,2007-01-31T00:00:00Z,2020-12-02T00:00:00Z
Gd,Gadolinium,precip_conc,mg/L,13,13,2018-06-13T00:00:00Z,2018-06-13T00:00:00Z
Gd,Gadolinium,precip_flux,kg/ha/d,13,13,2018-06-13T00:00:00Z,2018-06-13T00:00:00Z
Gd,Gadolinium,stream_conc,mg/L,23871,10,2007-01-31T00:00:00Z,2020-12-02T00:00:00Z
Gd,Gadolinium,stream_flux,kg/ha/d,20142,9,2007-01-31T00:00:00Z,2020-12-02T00:00:00Z
Gd157,Gadolinium-157,precip_conc,mg/L,39598,13,2011-03-28T00:00:00Z,2019-07-29T00:00:00Z
Gd157,Gadolinium-157,precip_flux,kg/ha/d,39598,13,2011-03-28T00:00:00Z,2019-07-29T00:00:00Z
Gd157,Gadolinium-157,stream_conc,mg/L,49737,12,2005-09-26T00:00:00Z,2019-08-12T00:00:00Z
Gd157,Gadolinium-157,stream_flux,kg/ha/d,28667,12,2009-02-02T00:00:00Z,2019-08-12T00:00:00Z
Ge,Germanium,precip_conc,mg/L,13,13,2018-06-13T00:00:00Z,2018-06-13T00:00:00Z
Ge,Germanium,precip_flux,kg/ha/d,13,13,2018-06-13T00:00:00Z,2018-06-13T00:00:00Z
Ge,Germanium,stream_conc,mg/L,53715,32,2007-01-31T00:00:00Z,2020-12-02T00:00:00Z
Ge,Germanium,stream_flux,kg/ha/d,24019,14,2007-01-31T00:00:00Z,2020-12-02T00:00:00Z
H,Hydrogen,precip_conc,mg/L,2108,4,2012-05-24T00:00:00Z,2013-11-01T00:00:00Z
H,Hydrogen,precip_flux,kg/ha/d,2108,4,2012-05-24T00:00:00Z,2013-11-01T00:00:00Z
H,Hydrogen,stream_conc,mg/L,160956,27,1982-02-11T00:00:00Z,2020-11-05T00:00:00Z
H,Hydrogen,stream_flux,kg/ha/d,85169,12,1982-05-27T00:00:00Z,2020-11-05T00:00:00Z
HCO3,Bicarbonate,stream_conc,mg/L,105177,37,1976-11-04T00:00:00Z,2021-11-03T00:00:00Z
HCO3,Bicarbonate,stream_flux,kg/ha/d,89894,36,1976-11-04T00:00:00Z,2021-11-03T00:00:00Z
Hf,Hafnium,precip_conc,mg/L,13,13,2018-06-13T00:00:00Z,2018-06-13T00:00:00Z
Hf,Hafnium,precip_flux,kg/ha/d,13,13,2018-06-13T00:00:00Z,2018-06-13T00:00:00Z
Hf,Hafnium,stream_conc,mg/L,23871,10,2007-01-31T00:00:00Z,2020-12-02T00:00:00Z
Hf,Hafnium,stream_flux,kg/ha/d,20142,9,2007-01-31T00:00:00Z,2020-12-02T00:00:00Z
Hg,Mercury,precip_conc,mg/L,13,13,2018-06-13T00:00:00Z,2018-06-13T00:00:00Z
Hg,Mercury,precip_flux,kg/ha/d,13,13,2018-06-13T00:00:00Z,2018-06-13T00:00:00Z
Hg,Mercury,stream_conc,mg/L,23878,17,2005-09-26T00:00:00Z,2020-12-02T00:00:00Z
Hg,Mercury,stream_flux,kg/ha/d,20142,9,2007-01-31T00:00:00Z,2020-12-02T00:00:00Z
Ho,Holmium,precip_conc,mg/L,39611,26,2011-03-28T00:00:00Z,2019-07-29T00:00:00Z
Ho,Holmium,precip_flux,kg/ha/d,39611,26,2011-03-28T00:00:00Z,2019-07-29T00:00:00Z
Ho,Holmium,stream_conc,mg/L,73608,22,2005-09-26T00:00:00Z,2020-12-02T00:00:00Z
Ho,Holmium,stream_flux,kg/ha/d,48809,21,2007-01-31T00:00:00Z,2020-12-02T00:00:00Z
I,Iodine,precip_conc,mg/L,13,13,2018-06-13T00:00:00Z,2018-06-13T00:00:00Z
I,Iodine,precip_flux,kg/ha/d,13,13,2018-06-13T00:00:00Z,2018-06-13T00:00:00Z
I,Iodine,stream_conc,mg/L,23871,10,2007-01-31T00:00:00Z,2020-12-02T00:00:00Z
I,Iodine,stream_flux,kg/ha/d,20142,9,2007-01-31T00:00:00Z,2020-12-02T00:00:00Z
ionBalance,Ion Balance,precip_conc,ueq/L,168768,9,1970-01-07T00:00:00Z,2021-05-10T00:00:00Z
ionBalance,Ion Balance,stream_conc,ueq/L,148091,23,1973-06-30T00:00:00Z,2021-05-24T00:00:00Z
ionError,Ion Error,NA,%,215393,11,1970-01-07T00:00:00Z,2021-05-24T00:00:00Z
Ir,Iridium,precip_conc,mg/L,13,13,2018-06-13T00:00:00Z,2018-06-13T00:00:00Z
Ir,Iridium,precip_flux,kg/ha/d,13,13,2018-06-13T00:00:00Z,2018-06-13T00:00:00Z
Ir,Iridium,stream_conc,mg/L,23871,10,2007-01-31T00:00:00Z,2020-12-02T00:00:00Z
Ir,Iridium,stream_flux,kg/ha/d,20142,9,2007-01-31T00:00:00Z,2020-12-02T00:00:00Z
K,Potassium,precip_conc,mg/L,590385,82,1968-10-21T00:00:00Z,2021-05-10T00:00:00Z
K,Potassium,precip_flux,kg/ha/d,576019,84,1968-10-21T00:00:00Z,2022-01-05T00:00:00Z
K,Potassium,stream_conc,mg/L,1555699,264,1963-06-01T00:00:00Z,2021-05-26T00:00:00Z
K,Potassium,stream_flux,kg/ha/d,989700,149,1963-06-01T00:00:00Z,2021-05-26T00:00:00Z
La,Lanthanum,precip_conc,mg/L,39611,26,2011-03-28T00:00:00Z,2019-07-29T00:00:00Z
La,Lanthanum,precip_flux,kg/ha/d,39611,26,2011-03-28T00:00:00Z,2019-07-29T00:00:00Z
La,Lanthanum,stream_conc,mg/L,118568,25,2003-03-13T00:00:00Z,2020-12-02T00:00:00Z
La,Lanthanum,stream_flux,kg/ha/d,50662,21,2003-03-13T00:00:00Z,2020-12-02T00:00:00Z
Li,Lithium,precip_conc,mg/L,13,13,2018-06-13T00:00:00Z,2018-06-13T00:00:00Z
Li,Lithium,precip_flux,kg/ha/d,13,13,2018-06-13T00:00:00Z,2018-06-13T00:00:00Z
Li,Lithium,stream_conc,mg/L,391816,70,1993-07-23T00:00:00Z,2020-12-02T00:00:00Z
Li,Lithium,stream_flux,kg/ha/d,165236,28,1994-08-28T00:00:00Z,2020-12-02T00:00:00Z
Lu,Lutetium,precip_conc,mg/L,39611,26,2011-03-28T00:00:00Z,2019-07-29T00:00:00Z
Lu,Lutetium,precip_flux,kg/ha/d,39611,26,2011-03-28T00:00:00Z,2019-07-29T00:00:00Z
Lu,Lutetium,stream_conc,mg/L,73608,22,2005-09-26T00:00:00Z,2020-12-02T00:00:00Z
Lu,Lutetium,stream_flux,kg/ha/d,48809,21,2007-01-31T00:00:00Z,2020-12-02T00:00:00Z
MF_N,Moss: Fontinalis: Nitrogen,NA,%,4472,3,1998-06-12T00:00:00Z,2009-07-22T00:00:00Z
MF_P,Moss: Fontinalis: Phosphorus,NA,%,792,2,1998-06-12T00:00:00Z,1999-07-25T00:00:00Z
Mg,Magnesium,precip_conc,mg/L,590385,82,1968-10-21T00:00:00Z,2021-05-10T00:00:00Z
Mg,Magnesium,precip_flux,kg/ha/d,576019,84,1968-10-21T00:00:00Z,2022-01-05T00:00:00Z
Mg,Magnesium,stream_conc,mg/L,1557601,264,1963-06-01T00:00:00Z,2021-05-26T00:00:00Z
Mg,Magnesium,stream_flux,kg/ha/d,989707,149,1963-06-01T00:00:00Z,2021-05-26T00:00:00Z
MH_Al,Moss: Hygrohypnum: Aluminum,NA,%,3607,3,2007-07-30T00:00:00Z,2015-07-21T00:00:00Z
MH_B,Moss: Hygrohypnum: Boron,NA,%,3607,3,2007-07-30T00:00:00Z,2015-07-21T00:00:00Z
MH_C,Moss: Hygrohypnum: Carbon,NA,%,30631,7,1996-08-12T00:00:00Z,2015-07-21T00:00:00Z
MH_Ca,Moss: Hygrohypnum: Calcium,NA,%,3607,3,2007-07-30T00:00:00Z,2015-07-21T00:00:00Z
MH_Cu,Moss: Hygrohypnum: Copper,NA,%,3607,3,2007-07-30T00:00:00Z,2015-07-21T00:00:00Z
MH_Fe,Moss: Hygrohypnum: Iron,NA,%,3607,3,2007-07-30T00:00:00Z,2015-07-21T00:00:00Z
MH_K,Moss: Hygrohypnum: Potassium,NA,%,3607,3,2007-07-30T00:00:00Z,2015-07-21T00:00:00Z
MH_Mg,Moss: Hygrohypnum: Magnesium,NA,%,3607,3,2007-07-30T00:00:00Z,2015-07-21T00:00:00Z
MH_Mn,Moss: Hygrohypnum: Manganese,NA,%,3607,3,2007-07-30T00:00:00Z,2015-07-21T00:00:00Z
MH_N,Moss: Hygrohypnum: Nitrogen,NA,%,38171,8,1995-06-22T00:00:00Z,2015-07-21T00:00:00Z
MH_Na,Moss: Hygrohypnum: Sodium,NA,%,3607,3,2007-07-30T00:00:00Z,2015-07-21T00:00:00Z
MH_P,Moss: Hygrohypnum: Phosphorus,NA,%,38171,8,1995-06-22T00:00:00Z,2015-07-21T00:00:00Z
MH_S,Moss: Hygrohypnum: Sulfur,NA,%,3607,3,2007-07-30T00:00:00Z,2015-07-21T00:00:00Z
Mn,Manganese,precip_conc,mg/L,74384,39,2011-03-28T00:00:00Z,2021-05-10T00:00:00Z
Mn,Manganese,precip_flux,kg/ha/d,74384,39,2011-03-28T00:00:00Z,2021-05-10T00:00:00Z
Mn,Manganese,stream_conc,mg/L,318378,120,1989-01-03T00:00:00Z,2021-05-26T00:00:00Z
Mn,Manganese,stream_flux,kg/ha/d,162195,70,1989-01-03T00:00:00Z,2021-05-26T00:00:00Z
Mo,Molybdenum,precip_conc,mg/L,39611,26,2011-03-28T00:00:00Z,2019-07-29T00:00:00Z
Mo,Molybdenum,precip_flux,kg/ha/d,39611,26,2011-03-28T00:00:00Z,2019-07-29T00:00:00Z
Mo,Molybdenum,stream_conc,mg/L,151922,39,1992-01-06T00:00:00Z,2020-12-02T00:00:00Z
Mo,Molybdenum,stream_flux,kg/ha/d,62642,21,1992-01-06T00:00:00Z,2020-12-02T00:00:00Z
MS_Al,Moss: Schistidium: Aluminum,NA,%,10114,7,2007-07-30T00:00:00Z,2015-07-21T00:00:00Z
MS_B,Moss: Schistidium: Boron,NA,%,10114,7,2007-07-30T00:00:00Z,2015-07-21T00:00:00Z
MS_C,Moss: Schistidium: Carbon,NA,%,27385,10,1996-08-13T00:00:00Z,2015-07-21T00:00:00Z
MS_Ca,Moss: Schistidium: Calcium,NA,%,10114,7,2007-07-30T00:00:00Z,2015-07-21T00:00:00Z
MS_Cu,Moss: Schistidium: Copper,NA,%,10114,7,2007-07-30T00:00:00Z,2015-07-21T00:00:00Z
MS_Fe,Moss: Schistidium: Iron,NA,%,10114,7,2007-07-30T00:00:00Z,2015-07-21T00:00:00Z
MS_K,Moss: Schistidium: Potassium,NA,%,10114,7,2007-07-30T00:00:00Z,2015-07-21T00:00:00Z
MS_Mg,Moss: Schistidium: Magnesium,NA,%,10114,7,2007-07-30T00:00:00Z,2015-07-21T00:00:00Z
MS_Mn,Moss: Schistidium: Manganese,NA,%,10114,7,2007-07-30T00:00:00Z,2015-07-21T00:00:00Z
MS_N,Moss: Schistidium: Nitrogen,NA,%,47299,13,1995-07-06T00:00:00Z,2015-07-21T00:00:00Z
MS_Na,Moss: Schistidium: Sodium,NA,%,10114,7,2007-07-30T00:00:00Z,2015-07-21T00:00:00Z
MS_P,Moss: Schistidium: Phosphorus,NA,%,47299,13,1995-07-06T00:00:00Z,2015-07-21T00:00:00Z
MS_S,Moss: Schistidium: Sulfur,NA,%,10114,7,2007-07-30T00:00:00Z,2015-07-21T00:00:00Z
MS_Zn,Moss: Schistidium: Zinc,NA,%,10114,7,2007-07-30T00:00:00Z,2015-07-21T00:00:00Z
Na,Sodium,precip_conc,mg/L,590385,82,1968-10-21T00:00:00Z,2021-05-10T00:00:00Z
Na,Sodium,precip_flux,kg/ha/d,576019,84,1968-10-21T00:00:00Z,2022-01-05T00:00:00Z
Na,Sodium,stream_conc,mg/L,1557567,264,1963-06-01T00:00:00Z,2021-05-26T00:00:00Z
Na,Sodium,stream_flux,kg/ha/d,989707,149,1963-06-01T00:00:00Z,2021-05-26T00:00:00Z
Nb,Niobium,precip_conc,mg/L,13,13,2018-06-13T00:00:00Z,2018-06-13T00:00:00Z
Nb,Niobium,precip_flux,kg/ha/d,13,13,2018-06-13T00:00:00Z,2018-06-13T00:00:00Z
Nb,Niobium,stream_conc,mg/L,30829,14,2007-01-31T00:00:00Z,2020-12-02T00:00:00Z
Nb,Niobium,stream_flux,kg/ha/d,23143,13,2007-01-31T00:00:00Z,2020-12-02T00:00:00Z
Nd,Neodymium,precip_conc,mg/L,13,13,2018-06-13T00:00:00Z,2018-06-13T00:00:00Z
Nd,Neodymium,precip_flux,kg/ha/d,13,13,2018-06-13T00:00:00Z,2018-06-13T00:00:00Z
Nd,Neodymium,stream_conc,mg/L,23871,10,2007-01-31T00:00:00Z,2020-12-02T00:00:00Z
Nd,Neodymium,stream_flux,kg/ha/d,20142,9,2007-01-31T00:00:00Z,2020-12-02T00:00:00Z
Nd145,Neodymium-145,precip_conc,mg/L,39598,13,2011-03-28T00:00:00Z,2019-07-29T00:00:00Z
Nd145,Neodymium-145,precip_flux,kg/ha/d,39598,13,2011-03-28T00:00:00Z,2019-07-29T00:00:00Z
Nd145,Neodymium-145,stream_conc,mg/L,49737,12,2005-09-26T00:00:00Z,2019-08-12T00:00:00Z
Nd145,Neodymium-145,stream_flux,kg/ha/d,28667,12,2009-02-02T00:00:00Z,2019-08-12T00:00:00Z
NH3_N,Ammonia-N,precip_conc,mg/L,194006,14,1968-10-21T00:00:00Z,2017-04-05T00:00:00Z
NH3_N,Ammonia-N,precip_flux,kg/ha/d,176990,10,1968-10-21T00:00:00Z,2017-04-05T00:00:00Z
NH3_N,Ammonia-N,stream_conc,mg/L,157891,22,1968-10-09T00:00:00Z,2019-05-22T00:00:00Z
NH3_N,Ammonia-N,stream_flux,kg/ha/d,144318,13,1968-10-09T00:00:00Z,2019-05-22T00:00:00Z
NH4,Ammonium,precip_conc,mg/L,15037,13,2001-09-10T00:00:00Z,2020-12-31T00:00:00Z
NH4,Ammonium,precip_flux,kg/ha/d,17687,19,2001-09-10T00:00:00Z,2022-01-05T00:00:00Z
NH4_N,Ammonium-N,precip_conc,mg/L,403844,55,1970-01-07T00:00:00Z,2021-05-10T00:00:00Z
NH4_N,Ammonium-N,precip_flux,kg/ha/d,403844,55,1970-01-07T00:00:00Z,2021-05-10T00:00:00Z
NH4_N,Ammonium-N,stream_conc,mg/L,1411667,239,1964-03-16T00:00:00Z,2021-05-24T00:00:00Z
NH4_N,Ammonium-N,stream_flux,kg/ha/d,694125,110,1964-03-16T00:00:00Z,2020-11-05T00:00:00Z
NH4_NH3_N,Ammonia-N and Ammonium-N,stream_conc,mg/L,1343,1,2009-10-23T00:00:00Z,2013-06-26T00:00:00Z
Ni,Nickel,precip_conc,mg/L,13,13,2018-06-13T00:00:00Z,2018-06-13T00:00:00Z
Ni,Nickel,precip_flux,kg/ha/d,13,13,2018-06-13T00:00:00Z,2018-06-13T00:00:00Z
Ni,Nickel,stream_conc,mg/L,147757,43,1990-12-03T00:00:00Z,2020-12-02T00:00:00Z
Ni,Nickel,stream_flux,kg/ha/d,58946,16,1990-12-03T00:00:00Z,2020-12-02T00:00:00Z
Ni60,Nickel-60,precip_conc,mg/L,39598,13,2011-03-28T00:00:00Z,2019-07-29T00:00:00Z
Ni60,Nickel-60,precip_flux,kg/ha/d,39598,13,2011-03-28T00:00:00Z,2019-07-29T00:00:00Z
Ni60,Nickel-60,stream_conc,mg/L,36772,9,2005-09-26T00:00:00Z,2019-07-23T00:00:00Z
Ni60,Nickel-60,stream_flux,kg/ha/d,16413,9,2010-07-01T00:00:00Z,2019-07-23T00:00:00Z
NO2,Nitrite,precip_conc,mg/L,40287,13,2011-03-28T00:00:00Z,2019-09-20T00:00:00Z
NO2,Nitrite,precip_flux,kg/ha/d,40287,13,2011-03-28T00:00:00Z,2019-09-20T00:00:00Z
NO2,Nitrite,stream_conc,mg/L,58523,29,2005-09-26T00:00:00Z,2020-01-27T00:00:00Z
NO2,Nitrite,stream_flux,kg/ha/d,29335,13,2009-02-02T00:00:00Z,2019-09-15T00:00:00Z
NO2_N,Nitrite-N,precip_conc,mg/L,169,13,1998-04-26T00:00:00Z,1998-05-08T00:00:00Z
NO2_N,Nitrite-N,precip_flux,kg/ha/d,169,13,1998-04-26T00:00:00Z,1998-05-08T00:00:00Z
NO2_N,Nitrite-N,stream_conc,mg/L,389132,63,1992-10-22T00:00:00Z,2020-12-14T00:00:00Z
NO2_N,Nitrite-N,stream_flux,kg/ha/d,181114,34,1993-12-02T00:00:00Z,2020-01-24T00:00:00Z
NO3,Nitrate,precip_conc,mg/L,15037,13,2001-09-10T00:00:00Z,2020-12-31T00:00:00Z
NO3,Nitrate,precip_flux,kg/ha/d,17687,19,2001-09-10T00:00:00Z,2022-01-05T00:00:00Z
NO3_N,Nitrate-N,precip_conc,mg/L,632356,73,1968-10-21T00:00:00Z,2021-05-10T00:00:00Z
NO3_N,Nitrate-N,precip_flux,kg/ha/d,615340,69,1968-10-21T00:00:00Z,2021-05-10T00:00:00Z
NO3_N,Nitrate-N,stream_conc,mg/L,1493685,239,1964-03-16T00:00:00Z,2021-05-24T00:00:00Z
NO3_N,Nitrate-N,stream_flux,kg/ha/d,912844,121,1964-03-16T00:00:00Z,2020-11-05T00:00:00Z
NO3_NO2_N,Nitrate-N and nitrite-N,stream_conc,mg/L,604816,93,1976-11-04T00:00:00Z,2020-11-03T00:00:00Z
NO3_NO2_N,Nitrate-N and nitrite-N,stream_flux,kg/ha/d,215157,38,1976-11-04T00:00:00Z,2020-11-03T00:00:00Z
OMAl,Aluminum OM,precip_conc,mg/L,28485,9,2012-09-10T00:00:00Z,2021-05-10T00:00:00Z
OMAl,Aluminum OM,precip_flux,kg/ha/d,28485,9,2012-09-10T00:00:00Z,2021-05-10T00:00:00Z
OMAl,Aluminum OM,stream_conc,mg/L,29143,10,2013-05-20T00:00:00Z,2021-05-24T00:00:00Z
OMAl,Aluminum OM,stream_flux,kg/ha/d,23012,9,2013-06-01T00:00:00Z,2020-06-02T00:00:00Z
Os,Osmium,precip_conc,mg/L,13,13,2018-06-13T00:00:00Z,2018-06-13T00:00:00Z
Os,Osmium,precip_flux,kg/ha/d,13,13,2018-06-13T00:00:00Z,2018-06-13T00:00:00Z
Os,Osmium,stream_conc,mg/L,23871,10,2007-01-31T00:00:00Z,2020-12-02T00:00:00Z
Os,Osmium,stream_flux,kg/ha/d,20142,9,2007-01-31T00:00:00Z,2020-12-02T00:00:00Z
P,Phosphorus,precip_conc,mg/L,37934,26,2011-08-04T00:00:00Z,2019-07-29T00:00:00Z
P,Phosphorus,precip_flux,kg/ha/d,37934,26,2011-08-04T00:00:00Z,2019-07-29T00:00:00Z
P,Phosphorus,stream_conc,mg/L,149672,43,1993-01-18T00:00:00Z,2020-12-02T00:00:00Z
P,Phosphorus,stream_flux,kg/ha/d,70727,26,1994-08-28T00:00:00Z,2020-12-02T00:00:00Z
Pb,Lead,precip_conc,mg/L,39611,26,2011-03-28T00:00:00Z,2019-07-29T00:00:00Z
Pb,Lead,precip_flux,kg/ha/d,39611,26,2011-03-28T00:00:00Z,2019-07-29T00:00:00Z
Pb,Lead,stream_conc,mg/L,124282,48,1990-12-03T00:00:00Z,2020-12-02T00:00:00Z
Pb,Lead,stream_flux,kg/ha/d,63070,23,1990-12-03T00:00:00Z,2020-12-02T00:00:00Z
Pd,Palladium,precip_conc,mg/L,13,13,2018-06-13T00:00:00Z,2018-06-13T00:00:00Z
Pd,Palladium,precip_flux,kg/ha/d,13,13,2018-06-13T00:00:00Z,2018-06-13T00:00:00Z
Pd,Palladium,stream_conc,mg/L,79546,13,1993-07-23T00:00:00Z,2020-12-02T00:00:00Z
Pd,Palladium,stream_flux,kg/ha/d,32367,10,1994-08-28T00:00:00Z,2020-12-02T00:00:00Z
pH,pH,NA,unitless,2030163,246,1963-06-01T00:00:00Z,2021-11-03T00:00:00Z
phaeopig,Phaeopigment,stream_conc,mg/L,5711,6,2008-06-19T00:00:00Z,2012-07-30T00:00:00Z
pheophy,Sestonic Phaeophytin,stream_conc,mg/L,94170,46,2004-06-21T00:00:00Z,2017-08-26T00:00:00Z
pHmetrohm,pH Metrohm,NA,unitless,28734,11,2017-06-12T00:00:00Z,2021-05-24T00:00:00Z
PO4,Phosphate,precip_flux,kg/ha/d,6645,7,2019-04-08T00:00:00Z,2022-01-05T00:00:00Z
PO4_P,Phosphate-P,precip_conc,mg/L,519795,67,1968-10-21T00:00:00Z,2021-05-10T00:00:00Z
PO4_P,Phosphate-P,precip_flux,kg/ha/d,502779,63,1968-10-21T00:00:00Z,2021-05-10T00:00:00Z
PO4_P,Phosphate-P,stream_conc,mg/L,968056,179,1968-10-09T00:00:00Z,2021-05-24T00:00:00Z
PO4_P,Phosphate-P,stream_flux,kg/ha/d,667441,102,1968-10-09T00:00:00Z,2020-11-05T00:00:00Z
POC,Particulate Organic Carbon,stream_conc,mg/L,43922,18,1993-06-18T00:00:00Z,2018-12-03T00:00:00Z
POC,Particulate Organic Carbon,stream_flux,kg/ha/d,10101,7,2002-05-06T00:00:00Z,2015-11-23T00:00:00Z
PON,Particulate Organic Nitrogen,stream_conc,mg/L,37733,8,1993-06-18T00:00:00Z,2018-12-03T00:00:00Z
PON,Particulate Organic Nitrogen,stream_flux,kg/ha/d,7442,3,2006-12-22T00:00:00Z,2015-11-23T00:00:00Z
Pr,Praseodymium,precip_conc,mg/L,39611,26,2011-03-28T00:00:00Z,2019-07-29T00:00:00Z
Pr,Praseodymium,precip_flux,kg/ha/d,39611,26,2011-03-28T00:00:00Z,2019-07-29T00:00:00Z
Pr,Praseodymium,stream_conc,mg/L,73608,22,2005-09-26T00:00:00Z,2020-12-02T00:00:00Z
Pr,Praseodymium,stream_flux,kg/ha/d,48809,21,2007-01-31T00:00:00Z,2020-12-02T00:00:00Z
precipitation,Precipitation at gauge,NA,mm,1821486,167,1951-05-01T00:00:00Z,2022-03-31T00:00:00Z
Pt,Platinum,precip_conc,mg/L,13,13,2018-06-13T00:00:00Z,2018-06-13T00:00:00Z
Pt,Platinum,precip_flux,kg/ha/d,13,13,2018-06-13T00:00:00Z,2018-06-13T00:00:00Z
Pt,Platinum,stream_conc,mg/L,23871,10,2007-01-31T00:00:00Z,2020-12-02T00:00:00Z
Pt,Platinum,stream_flux,kg/ha/d,20142,9,2007-01-31T00:00:00Z,2020-12-02T00:00:00Z
Rb,Rubidium,precip_conc,mg/L,13,13,2018-06-13T00:00:00Z,2018-06-13T00:00:00Z
Rb,Rubidium,precip_flux,kg/ha/d,13,13,2018-06-13T00:00:00Z,2018-06-13T00:00:00Z
Rb,Rubidium,stream_conc,mg/L,90687,28,2003-03-13T00:00:00Z,2020-12-02T00:00:00Z
Rb,Rubidium,stream_flux,kg/ha/d,29248,10,2003-03-13T00:00:00Z,2020-12-02T00:00:00Z
Re,Rhenium,precip_conc,mg/L,13,13,2018-06-13T00:00:00Z,2018-06-13T00:00:00Z
Re,Rhenium,precip_flux,kg/ha/d,13,13,2018-06-13T00:00:00Z,2018-06-13T00:00:00Z
Re,Rhenium,stream_conc,mg/L,23871,10,2007-01-31T00:00:00Z,2020-12-02T00:00:00Z
Re,Rhenium,stream_flux,kg/ha/d,20142,9,2007-01-31T00:00:00Z,2020-12-02T00:00:00Z
Rh,Rhodium,precip_conc,mg/L,13,13,2018-06-13T00:00:00Z,2018-06-13T00:00:00Z
Rh,Rhodium,precip_flux,kg/ha/d,13,13,2018-06-13T00:00:00Z,2018-06-13T00:00:00Z
Rh,Rhodium,stream_conc,mg/L,23871,10,2007-01-31T00:00:00Z,2020-12-02T00:00:00Z
Rh,Rhodium,stream_flux,kg/ha/d,20142,9,2007-01-31T00:00:00Z,2020-12-02T00:00:00Z
Ru,Ruthenium,precip_conc,mg/L,13,13,2018-06-13T00:00:00Z,2018-06-13T00:00:00Z
Ru,Ruthenium,precip_flux,kg/ha/d,13,13,2018-06-13T00:00:00Z,2018-06-13T00:00:00Z
Ru,Ruthenium,stream_conc,mg/L,23871,10,2007-01-31T00:00:00Z,2020-12-02T00:00:00Z
Ru,Ruthenium,stream_flux,kg/ha/d,20142,9,2007-01-31T00:00:00Z,2020-12-02T00:00:00Z
S,Sulfur,precip_conc,mg/L,13,13,2018-06-13T00:00:00Z,2018-06-13T00:00:00Z
S,Sulfur,precip_flux,kg/ha/d,13,13,2018-06-13T00:00:00Z,2018-06-13T00:00:00Z
S,Sulfur,stream_conc,mg/L,110275,22,1993-01-18T00:00:00Z,2020-12-02T00:00:00Z
S,Sulfur,stream_flux,kg/ha/d,54173,13,1994-08-28T00:00:00Z,2020-12-02T00:00:00Z
Sb,Antimony,precip_conc,mg/L,39611,26,2011-03-28T00:00:00Z,2019-07-29T00:00:00Z
Sb,Antimony,precip_flux,kg/ha/d,39611,26,2011-03-28T00:00:00Z,2019-07-29T00:00:00Z
Sb,Antimony,stream_conc,mg/L,81953,34,2005-09-26T00:00:00Z,2020-12-02T00:00:00Z
Sb,Antimony,stream_flux,kg/ha/d,36555,18,2007-01-31T00:00:00Z,2020-12-02T00:00:00Z
Sc,Scandium,precip_conc,mg/L,13,13,2018-06-13T00:00:00Z,2018-06-13T00:00:00Z
Sc,Scandium,precip_flux,kg/ha/d,13,13,2018-06-13T00:00:00Z,2018-06-13T00:00:00Z
Sc,Scandium,stream_conc,mg/L,68831,13,2003-03-13T00:00:00Z,2020-12-02T00:00:00Z
Sc,Scandium,stream_flux,kg/ha/d,21995,9,2003-03-13T00:00:00Z,2020-12-02T00:00:00Z
Se,Selenium,precip_conc,mg/L,13,13,2018-06-13T00:00:00Z,2018-06-13T00:00:00Z
Se,Selenium,precip_flux,kg/ha/d,13,13,2018-06-13T00:00:00Z,2018-06-13T00:00:00Z
Se,Selenium,stream_conc,mg/L,94688,28,1997-03-24T00:00:00Z,2020-12-02T00:00:00Z
Se,Selenium,stream_flux,kg/ha/d,31085,10,1998-03-02T00:00:00Z,2020-12-02T00:00:00Z
Se78,Selenium-78,precip_conc,mg/L,39598,13,2011-03-28T00:00:00Z,2019-07-29T00:00:00Z
Se78,Selenium-78,precip_flux,kg/ha/d,39598,13,2011-03-28T00:00:00Z,2019-07-29T00:00:00Z
Se78,Selenium-78,stream_conc,mg/L,36772,9,2005-09-26T00:00:00Z,2019-07-23T00:00:00Z
Se78,Selenium-78,stream_flux,kg/ha/d,16413,9,2010-07-01T00:00:00Z,2019-07-23T00:00:00Z
Si,Silicon,precip_conc,mg/L,249317,46,1969-10-07T00:00:00Z,2019-07-29T00:00:00Z
Si,Silicon,precip_flux,kg/ha/d,232301,42,1969-10-07T00:00:00Z,2019-07-29T00:00:00Z
Si,Silicon,stream_conc,mg/L,864202,172,1969-10-07T00:00:00Z,2021-05-26T00:00:00Z
Si,Silicon,stream_flux,kg/ha/d,503699,102,1969-10-07T00:00:00Z,2021-05-26T00:00:00Z
SiO2_Si,Silica-Si,precip_conc,mg/L,272725,19,1971-06-28T00:00:00Z,2021-05-10T00:00:00Z
SiO2_Si,Silica-Si,precip_flux,kg/ha/d,272725,19,1971-06-28T00:00:00Z,2021-05-10T00:00:00Z
SiO2_Si,Silica-Si,stream_conc,mg/L,331720,40,1963-06-01T00:00:00Z,2021-05-24T00:00:00Z
SiO2_Si,Silica-Si,stream_flux,kg/ha/d,244811,26,1963-06-01T00:00:00Z,2020-06-02T00:00:00Z
SiO3_Si,Silicate-Si,stream_conc,mg/L,690,3,1989-10-13T00:00:00Z,1990-05-30T00:00:00Z
SiO3_Si,Silicate-Si,stream_flux,kg/ha/d,381,3,1990-01-24T00:00:00Z,1990-05-30T00:00:00Z
Sm,Samarium,precip_conc,mg/L,37934,26,2011-08-04T00:00:00Z,2019-07-29T00:00:00Z
Sm,Samarium,precip_flux,kg/ha/d,37934,26,2011-08-04T00:00:00Z,2019-07-29T00:00:00Z
Sm,Samarium,stream_conc,mg/L,23871,10,2007-01-31T00:00:00Z,2020-12-02T00:00:00Z
Sm,Samarium,stream_flux,kg/ha/d,20142,9,2007-01-31T00:00:00Z,2020-12-02T00:00:00Z
Sm147,Samarium-147,precip_conc,mg/L,38285,13,2011-03-28T00:00:00Z,2019-04-19T00:00:00Z
Sm147,Samarium-147,precip_flux,kg/ha/d,38285,13,2011-03-28T00:00:00Z,2019-04-19T00:00:00Z
Sm147,Samarium-147,stream_conc,mg/L,49737,12,2005-09-26T00:00:00Z,2019-08-12T00:00:00Z
Sm147,Samarium-147,stream_flux,kg/ha/d,28667,12,2009-02-02T00:00:00Z,2019-08-12T00:00:00Z
Sn,Tin,precip_conc,mg/L,13,13,2018-06-13T00:00:00Z,2018-06-13T00:00:00Z
Sn,Tin,precip_flux,kg/ha/d,13,13,2018-06-13T00:00:00Z,2018-06-13T00:00:00Z
Sn,Tin,stream_conc,mg/L,45181,25,2007-01-31T00:00:00Z,2020-12-02T00:00:00Z
Sn,Tin,stream_flux,kg/ha/d,20142,9,2007-01-31T00:00:00Z,2020-12-02T00:00:00Z
Sn118,Tin-118,precip_conc,mg/L,39598,13,2011-03-28T00:00:00Z,2019-07-29T00:00:00Z
Sn118,Tin-118,precip_flux,kg/ha/d,39598,13,2011-03-28T00:00:00Z,2019-07-29T00:00:00Z
Sn118,Tin-118,stream_conc,mg/L,36772,9,2005-09-26T00:00:00Z,2019-07-23T00:00:00Z
Sn118,Tin-118,stream_flux,kg/ha/d,16413,9,2010-07-01T00:00:00Z,2019-07-23T00:00:00Z
SO4,Sulfate,precip_conc,mg/L,15037,13,2001-09-10T00:00:00Z,2020-12-31T00:00:00Z
SO4,Sulfate,precip_flux,kg/ha/d,17687,19,2001-09-10T00:00:00Z,2022-01-05T00:00:00Z
SO4,Sulfate,stream_conc,mg/L,71066,40,2003-03-03T00:00:00Z,2021-05-25T00:00:00Z
SO4,Sulfate,stream_flux,kg/ha/d,35325,33,2003-03-03T00:00:00Z,2021-05-25T00:00:00Z
SO4_S,Sulfate-S,precip_conc,mg/L,564591,56,1970-01-07T00:00:00Z,2021-05-10T00:00:00Z
SO4_S,Sulfate-S,precip_flux,kg/ha/d,551395,52,1970-01-07T00:00:00Z,2021-05-10T00:00:00Z
SO4_S,Sulfate-S,stream_conc,mg/L,1577209,263,1964-03-16T00:00:00Z,2021-05-24T00:00:00Z
SO4_S,Sulfate-S,stream_flux,kg/ha/d,965294,131,1964-03-16T00:00:00Z,2020-11-05T00:00:00Z
spCond,Specific Conductivity,NA,uS/cm,1976796,278,1965-06-21T00:00:00Z,2022-01-26T00:00:00Z
Sr,Strontium,precip_conc,mg/L,38298,26,2011-03-28T00:00:00Z,2019-04-19T00:00:00Z
Sr,Strontium,precip_flux,kg/ha/d,38298,26,2011-03-28T00:00:00Z,2019-04-19T00:00:00Z
Sr,Strontium,stream_conc,mg/L,146779,52,1990-12-03T00:00:00Z,2020-12-02T00:00:00Z
Sr,Strontium,stream_flux,kg/ha/d,61500,24,1990-12-03T00:00:00Z,2020-12-02T00:00:00Z
SRP,Soluble Reactive Phosphorus,precip_conc,mg/L,50396,4,1986-05-30T00:00:00Z,2020-11-25T00:00:00Z
SRP,Soluble Reactive Phosphorus,precip_flux,kg/ha/d,50396,4,1986-05-30T00:00:00Z,2020-11-25T00:00:00Z
SRP,Soluble Reactive Phosphorus,stream_conc,mg/L,719940,112,1983-07-09T00:00:00Z,2020-12-14T00:00:00Z
SRP,Soluble Reactive Phosphorus,stream_flux,kg/ha/d,217349,29,1983-07-24T00:00:00Z,2020-01-24T00:00:00Z
suspSed,Suspended Sediment,precip_conc,mg/L,193516,14,1968-12-09T00:00:00Z,2017-04-05T00:00:00Z
suspSed,Suspended Sediment,precip_flux,kg/ha/d,176500,10,1968-12-09T00:00:00Z,2017-04-05T00:00:00Z
suspSed,Suspended Sediment,stream_conc,mg/L,159023,17,1968-10-09T00:00:00Z,2019-05-22T00:00:00Z
suspSed,Suspended Sediment,stream_flux,kg/ha/d,144381,13,1968-10-09T00:00:00Z,2019-05-22T00:00:00Z
T_ECHL,Epilithic Total Chlorophyll,NA,mg/cm2,200443,32,1983-07-22T00:00:00Z,2015-08-12T00:00:00Z
Ta,Tantalum,precip_conc,mg/L,13,13,2018-06-13T00:00:00Z,2018-06-13T00:00:00Z
Ta,Tantalum,precip_flux,kg/ha/d,13,13,2018-06-13T00:00:00Z,2018-06-13T00:00:00Z
Ta,Tantalum,stream_conc,mg/L,23871,10,2007-01-31T00:00:00Z,2020-12-02T00:00:00Z
Ta,Tantalum,stream_flux,kg/ha/d,20142,9,2007-01-31T00:00:00Z,2020-12-02T00:00:00Z
Tb,Terbium,precip_conc,mg/L,39611,26,2011-03-28T00:00:00Z,2019-07-29T00:00:00Z
Tb,Terbium,precip_flux,kg/ha/d,39611,26,2011-03-28T00:00:00Z,2019-07-29T00:00:00Z
Tb,Terbium,stream_conc,mg/L,73608,22,2005-09-26T00:00:00Z,2020-12-02T00:00:00Z
Tb,Terbium,stream_flux,kg/ha/d,48809,21,2007-01-31T00:00:00Z,2020-12-02T00:00:00Z
TC,Total Carbon,stream_conc,mg/L,20286,17,2014-07-18T00:00:00Z,2018-12-12T00:00:00Z
TC,Total Carbon,stream_flux,kg/ha/d,1041,1,2014-11-18T00:00:00Z,2017-09-23T00:00:00Z
TCHL,Sestonic Total Chlorophyll,stream_conc,mg/L,223753,47,1983-07-22T00:00:00Z,2015-08-08T00:00:00Z
TDN,Total Dissolved Nitrogen,precip_conc,mg/L,385064,33,1968-10-21T00:00:00Z,2021-05-10T00:00:00Z
TDN,Total Dissolved Nitrogen,precip_flux,kg/ha/d,385064,33,1968-10-21T00:00:00Z,2021-05-10T00:00:00Z
TDN,Total Dissolved Nitrogen,stream_conc,mg/L,786291,164,1968-10-09T00:00:00Z,2021-05-24T00:00:00Z
TDN,Total Dissolved Nitrogen,stream_flux,kg/ha/d,382384,65,1968-10-09T00:00:00Z,2020-11-05T00:00:00Z
TDP,Total Dissolved Phosphorus,precip_conc,mg/L,253054,28,1968-10-21T00:00:00Z,2017-04-05T00:00:00Z
TDP,Total Dissolved Phosphorus,precip_flux,kg/ha/d,236038,24,1968-10-21T00:00:00Z,2017-04-05T00:00:00Z
TDP,Total Dissolved Phosphorus,stream_conc,mg/L,614045,150,1968-10-09T00:00:00Z,2021-11-03T00:00:00Z
TDP,Total Dissolved Phosphorus,stream_flux,kg/ha/d,302977,72,1968-10-09T00:00:00Z,2021-11-03T00:00:00Z
TDS,Total Dissolved Solids,stream_conc,mg/L,55455,32,2012-01-31T00:00:00Z,2021-11-03T00:00:00Z
Te,Tellurium,precip_conc,mg/L,13,13,2018-06-13T00:00:00Z,2018-06-13T00:00:00Z
Te,Tellurium,precip_flux,kg/ha/d,13,13,2018-06-13T00:00:00Z,2018-06-13T00:00:00Z
Te,Tellurium,stream_conc,mg/L,23871,10,2007-01-31T00:00:00Z,2020-12-02T00:00:00Z
Te,Tellurium,stream_flux,kg/ha/d,20142,9,2007-01-31T00:00:00Z,2020-12-02T00:00:00Z
temp,Water Temperature,NA,degrees C,1252662,192,1963-06-25T00:00:00Z,2022-04-16T00:00:00Z
Th,Thorium,precip_conc,mg/L,13,13,2018-06-13T00:00:00Z,2018-06-13T00:00:00Z
Th,Thorium,precip_flux,kg/ha/d,13,13,2018-06-13T00:00:00Z,2018-06-13T00:00:00Z
Th,Thorium,stream_conc,mg/L,45181,25,2007-01-31T00:00:00Z,2020-12-02T00:00:00Z
Th,Thorium,stream_flux,kg/ha/d,20142,9,2007-01-31T00:00:00Z,2020-12-02T00:00:00Z
Ti,Titanium,precip_conc,mg/L,13,13,2018-06-13T00:00:00Z,2018-06-13T00:00:00Z
Ti,Titanium,precip_flux,kg/ha/d,13,13,2018-06-13T00:00:00Z,2018-06-13T00:00:00Z
Ti,Titanium,stream_conc,mg/L,90687,28,2003-03-13T00:00:00Z,2020-12-02T00:00:00Z
Ti,Titanium,stream_flux,kg/ha/d,29561,10,2003-03-13T00:00:00Z,2020-12-02T00:00:00Z
Ti49,Titanium-49,precip_conc,mg/L,39598,13,2011-03-28T00:00:00Z,2019-07-29T00:00:00Z
Ti49,Titanium-49,precip_flux,kg/ha/d,39598,13,2011-03-28T00:00:00Z,2019-07-29T00:00:00Z
Ti49,Titanium-49,stream_conc,mg/L,36772,9,2005-09-26T00:00:00Z,2019-07-23T00:00:00Z
Ti49,Titanium-49,stream_flux,kg/ha/d,16413,9,2010-07-01T00:00:00Z,2019-07-23T00:00:00Z
TIC,Total Inorganic Carbon,precip_conc,mg/L,40885,13,2011-02-10T00:00:00Z,2019-09-20T00:00:00Z
TIC,Total Inorganic Carbon,precip_flux,kg/ha/d,40885,13,2011-02-10T00:00:00Z,2019-09-20T00:00:00Z
TIC,Total Inorganic Carbon,stream_conc,mg/L,50188,12,2005-09-26T00:00:00Z,2020-01-27T00:00:00Z
TIC,Total Inorganic Carbon,stream_flux,kg/ha/d,28944,12,2009-02-02T00:00:00Z,2019-09-15T00:00:00Z
TIN,Total Inorganic Nitrogen,stream_conc,mg/L,105593,25,1994-01-11T00:00:00Z,2020-11-05T00:00:00Z
TIN,Total Inorganic Nitrogen,stream_flux,kg/ha/d,51001,9,1994-01-11T00:00:00Z,2020-11-05T00:00:00Z
TIP,Total Inorganic Phosphorus,precip_conc,mg/L,228,4,2011-06-20T00:00:00Z,2011-08-15T00:00:00Z
TIP,Total Inorganic Phosphorus,precip_flux,kg/ha/d,228,4,2011-06-20T00:00:00Z,2011-08-15T00:00:00Z
TIP,Total Inorganic Phosphorus,stream_conc,mg/L,88039,25,1997-05-21T00:00:00Z,2020-11-05T00:00:00Z
TIP,Total Inorganic Phosphorus,stream_flux,kg/ha/d,45184,9,1997-05-29T00:00:00Z,2020-11-05T00:00:00Z
TKN,Total Kjeldahl Nitrogen,precip_conc,mg/L,150526,14,1968-10-21T00:00:00Z,2005-05-10T00:00:00Z
TKN,Total Kjeldahl Nitrogen,precip_flux,kg/ha/d,133510,10,1968-10-21T00:00:00Z,2005-05-10T00:00:00Z
TKN,Total Kjeldahl Nitrogen,stream_conc,mg/L,125706,18,1968-10-09T00:00:00Z,2005-05-10T00:00:00Z
TKN,Total Kjeldahl Nitrogen,stream_flux,kg/ha/d,110692,15,1968-10-09T00:00:00Z,2005-05-10T00:00:00Z
Tl,Thallium,precip_conc,mg/L,39611,26,2011-03-28T00:00:00Z,2019-07-29T00:00:00Z
Tl,Thallium,precip_flux,kg/ha/d,39611,26,2011-03-28T00:00:00Z,2019-07-29T00:00:00Z
Tl,Thallium,stream_conc,mg/L,59472,19,2006-03-13T00:00:00Z,2020-12-02T00:00:00Z
Tl,Thallium,stream_flux,kg/ha/d,36555,18,2007-01-31T00:00:00Z,2020-12-02T00:00:00Z
Tm,Thulium,precip_conc,mg/L,39611,26,2011-03-28T00:00:00Z,2019-07-29T00:00:00Z
Tm,Thulium,precip_flux,kg/ha/d,39611,26,2011-03-28T00:00:00Z,2019-07-29T00:00:00Z
Tm,Thulium,stream_conc,mg/L,73608,22,2005-09-26T00:00:00Z,2020-12-02T00:00:00Z
Tm,Thulium,stream_flux,kg/ha/d,48809,21,2007-01-31T00:00:00Z,2020-12-02T00:00:00Z
TMAl,Aluminum TM,precip_conc,mg/L,43857,9,2008-01-07T00:00:00Z,2021-05-10T00:00:00Z
TMAl,Aluminum TM,precip_flux,kg/ha/d,43857,9,2008-01-07T00:00:00Z,2021-05-10T00:00:00Z
TMAl,Aluminum TM,stream_conc,mg/L,29892,10,2011-05-02T00:00:00Z,2021-05-24T00:00:00Z
TMAl,Aluminum TM,stream_flux,kg/ha/d,23012,9,2013-06-01T00:00:00Z,2020-06-02T00:00:00Z
TN,Total Nitrogen,precip_conc,mg/L,41054,26,1998-04-26T00:00:00Z,2019-09-20T00:00:00Z
TN,Total Nitrogen,precip_flux,kg/ha/d,41054,26,1998-04-26T00:00:00Z,2019-09-20T00:00:00Z
TN,Total Nitrogen,stream_conc,mg/L,431010,112,1985-03-12T00:00:00Z,2021-04-22T00:00:00Z
TN,Total Nitrogen,stream_flux,kg/ha/d,241975,58,1985-07-08T00:00:00Z,2021-01-11T00:00:00Z
TOC,Total Organic Carbon,precip_conc,mg/L,40885,13,2011-02-10T00:00:00Z,2019-09-20T00:00:00Z
TOC,Total Organic Carbon,precip_flux,kg/ha/d,40885,13,2011-02-10T00:00:00Z,2019-09-20T00:00:00Z
TOC,Total Organic Carbon,stream_conc,mg/L,197593,67,1985-07-11T00:00:00Z,2021-10-27T00:00:00Z
TOC,Total Organic Carbon,stream_flux,kg/ha/d,103400,56,1985-07-11T00:00:00Z,2021-10-27T00:00:00Z
TP,Total Phosphorus,precip_conc,mg/L,14228,4,2008-03-18T00:00:00Z,2017-12-12T00:00:00Z
TP,Total Phosphorus,precip_flux,kg/ha/d,14228,4,2008-03-18T00:00:00Z,2017-12-12T00:00:00Z
TP,Total Phosphorus,stream_conc,mg/L,311496,85,1989-09-05T00:00:00Z,2021-11-03T00:00:00Z
TP,Total Phosphorus,stream_flux,kg/ha/d,185911,54,1989-09-05T00:00:00Z,2021-11-03T00:00:00Z
TPC,Total Particulate Carbon,stream_conc,mg/L,146270,74,1994-06-24T00:00:00Z,2020-10-20T00:00:00Z
TPN,Total Particulate Nitrogen,precip_conc,mg/L,154398,14,1978-06-22T00:00:00Z,2019-05-22T00:00:00Z
TPN,Total Particulate Nitrogen,stream_conc,mg/L,267660,75,1978-06-15T00:00:00Z,2019-05-22T00:00:00Z
TPP,Total Particulate Phosphorus,precip_conc,mg/L,219592,18,1974-10-30T00:00:00Z,2020-12-30T00:00:00Z
TPP,Total Particulate Phosphorus,stream_conc,mg/L,410804,90,1974-09-30T00:00:00Z,2019-12-06T00:00:00Z
TSS,Total Suspended Solids,stream_conc,mg/L,321295,84,1983-06-03T00:00:00Z,2021-12-17T00:00:00Z
turbid,Turbidity,NA,FNU,74177,14,2001-10-02T00:00:00Z,2022-04-16T00:00:00Z
U,Uranium,precip_conc,mg/L,39611,26,2011-03-28T00:00:00Z,2019-07-29T00:00:00Z
U,Uranium,precip_flux,kg/ha/d,39611,26,2011-03-28T00:00:00Z,2019-07-29T00:00:00Z
U,Uranium,stream_conc,mg/L,94114,37,2005-09-26T00:00:00Z,2020-12-02T00:00:00Z
U,Uranium,stream_flux,kg/ha/d,47720,21,2007-01-31T00:00:00Z,2020-12-02T00:00:00Z
UTKN,Unfilt. Total Kjeldahl Nitrogen,precip_conc,mg/L,103148,14,1978-06-22T00:00:00Z,2005-05-10T00:00:00Z
UTKN,Unfilt. Total Kjeldahl Nitrogen,precip_flux,kg/ha/d,98140,10,1978-06-28T00:00:00Z,2005-05-10T00:00:00Z
UTKN,Unfilt. Total Kjeldahl Nitrogen,stream_conc,mg/L,69856,16,1978-06-15T00:00:00Z,2011-06-16T00:00:00Z
UTKN,Unfilt. Total Kjeldahl Nitrogen,stream_flux,kg/ha/d,65636,12,1978-06-15T00:00:00Z,2005-05-10T00:00:00Z
UTN,Unfiltered Total Nitrogen,precip_conc,mg/L,141620,10,1978-06-28T00:00:00Z,2017-04-05T00:00:00Z
UTN,Unfiltered Total Nitrogen,precip_flux,kg/ha/d,141620,10,1978-06-28T00:00:00Z,2017-04-05T00:00:00Z
UTN,Unfiltered Total Nitrogen,stream_conc,mg/L,107963,9,1978-06-28T00:00:00Z,2019-05-22T00:00:00Z
UTN,Unfiltered Total Nitrogen,stream_flux,kg/ha/d,107963,9,1978-06-28T00:00:00Z,2019-05-22T00:00:00Z
UTP,Unfiltered Total Phosphorus,precip_conc,mg/L,165182,14,1974-10-30T00:00:00Z,2017-04-05T00:00:00Z
UTP,Unfiltered Total Phosphorus,precip_flux,kg/ha/d,154850,10,1974-11-13T00:00:00Z,2017-04-05T00:00:00Z
UTP,Unfiltered Total Phosphorus,stream_conc,mg/L,134532,17,1974-09-30T00:00:00Z,2019-05-22T00:00:00Z
UTP,Unfiltered Total Phosphorus,stream_flux,kg/ha/d,123818,13,1974-09-30T00:00:00Z,2019-05-22T00:00:00Z
V,Vanadium,precip_conc,mg/L,38298,26,2011-03-28T00:00:00Z,2019-04-19T00:00:00Z
V,Vanadium,precip_flux,kg/ha/d,38298,26,2011-03-28T00:00:00Z,2019-04-19T00:00:00Z
V,Vanadium,stream_conc,mg/L,82449,35,2005-09-26T00:00:00Z,2020-12-02T00:00:00Z
V,Vanadium,stream_flux,kg/ha/d,36619,19,2007-01-31T00:00:00Z,2020-12-02T00:00:00Z
VSS,Volatile Suspended Sediment,stream_conc,mg/L,13644,3,2009-05-06T00:00:00Z,2021-12-17T00:00:00Z
W,Tungsten,precip_conc,mg/L,13,13,2018-06-13T00:00:00Z,2018-06-13T00:00:00Z
W,Tungsten,precip_flux,kg/ha/d,13,13,2018-06-13T00:00:00Z,2018-06-13T00:00:00Z
W,Tungsten,stream_conc,mg/L,23871,10,2007-01-31T00:00:00Z,2020-12-02T00:00:00Z
W,Tungsten,stream_flux,kg/ha/d,20142,9,2007-01-31T00:00:00Z,2020-12-02T00:00:00Z
Y,Yttrium,precip_conc,mg/L,39611,26,2011-03-28T00:00:00Z,2019-07-29T00:00:00Z
Y,Yttrium,precip_flux,kg/ha/d,39611,26,2011-03-28T00:00:00Z,2019-07-29T00:00:00Z
Y,Yttrium,stream_conc,mg/L,119114,25,2003-03-13T00:00:00Z,2020-12-02T00:00:00Z
Y,Yttrium,stream_flux,kg/ha/d,57915,22,2003-03-13T00:00:00Z,2020-12-02T00:00:00Z
Yb,Ytterbium,precip_conc,mg/L,39611,26,2011-03-28T00:00:00Z,2019-07-29T00:00:00Z
Yb,Ytterbium,precip_flux,kg/ha/d,39611,26,2011-03-28T00:00:00Z,2019-07-29T00:00:00Z
Yb,Ytterbium,stream_conc,mg/L,114749,25,2003-03-13T00:00:00Z,2020-12-02T00:00:00Z
Yb,Ytterbium,stream_flux,kg/ha/d,50229,21,2003-03-13T00:00:00Z,2020-12-02T00:00:00Z
Zn,Zinc,precip_conc,mg/L,39611,26,2011-03-28T00:00:00Z,2019-07-29T00:00:00Z
Zn,Zinc,precip_flux,kg/ha/d,39611,26,2011-03-28T00:00:00Z,2019-07-29T00:00:00Z
Zn,Zinc,stream_conc,mg/L,198690,56,1990-12-03T00:00:00Z,2020-12-02T00:00:00Z
Zn,Zinc,stream_flux,kg/ha/d,97259,30,1990-12-03T00:00:00Z,2020-12-02T00:00:00Z
Zr,Zirconium,precip_conc,mg/L,13,13,2018-06-13T00:00:00Z,2018-06-13T00:00:00Z
Zr,Zirconium,precip_flux,kg/ha/d,13,13,2018-06-13T00:00:00Z,2018-06-13T00:00:00Z
Zr,Zirconium,stream_conc,mg/L,101604,36,2003-03-13T00:00:00Z,2020-12-02T00:00:00Z
Zr,Zirconium,stream_flux,kg/ha/d,33551,15,2003-03-13T00:00:00Z,2020-12-02T00:00:00Z
